Workbook

Sheet Tong_quan
A1: DX-LAB HaUI — 14 ngày / 3 người
A2: Một MVP Smart Service Desk + Open-Core dùng chung. Cập nhật trạng thái từng gói việc sau demo nội bộ hằng ngày. Ngày 1–14 là lịch tương đối, phải đối chiếu hạn nộp BTC.
A5: Ngày bắt đầu (tùy chọn) | C5: Chỉ B5 là ô ngày nhập tự do. Giả định 6 giờ/ngày đã bao gồm review và dự phòng. Nhập ngày bắt đầu không tự dời hạn thi.
A6: Số ngày | B6: 14
A7: Giờ/người/ngày | B7: 6
A8: Giờ công việc chính/ngày | B8: 4
A9: Giờ review & tích hợp/ngày | B9: 1
A10: Giờ dự phòng/ngày | B10: 1
A13: Vai trò | B13: Việc chính (giờ) | C13: Tích hợp (giờ) | D13: Dự phòng (giờ) | E13: Tổng (giờ) | F13: Gói Xong / Tổng
A14: Backend | B14: =SUMIF(Cong_viec!C5:C46,A14,Cong_viec!I5:I46) | C14: =$B$6*$B$9 | D14: =$B$6*$B$10 | E14: =SUM(B14:D14) | F14: =COUNTIFS(Cong_viec!C5:C46,A14,Cong_viec!J5:J46,"Xong")&" / "&COUNTIF(Cong_viec!C5:C46,A14)
A15: Frontend | B15: =SUMIF(Cong_viec!C5:C46,A15,Cong_viec!I5:I46) | C15: =$B$6*$B$9 | D15: =$B$6*$B$10 | E15: =SUM(B15:D15) | F15: =COUNTIFS(Cong_viec!C5:C46,A15,Cong_viec!J5:J46,"Xong")&" / "&COUNTIF(Cong_viec!C5:C46,A15)
A16: AI | B16: =SUMIF(Cong_viec!C5:C46,A16,Cong_viec!I5:I46) | C16: =$B$6*$B$9 | D16: =$B$6*$B$10 | E16: =SUM(B16:D16) | F16: =COUNTIFS(Cong_viec!C5:C46,A16,Cong_viec!J5:J46,"Xong")&" / "&COUNTIF(Cong_viec!C5:C46,A16)
A17: Tổng nhóm | B17: =SUM(B14:B16) | C17: =SUM(C14:C16) | D17: =SUM(D14:D16) | E17: =SUM(E14:E16) | F17: =COUNTIF(Cong_viec!J5:J46,"Xong")&" / 42"
A20: MVP | B20: SSO/4 role/2 workspace; core workflow/data/file/audit; 1 Service Desk; triage luật + TF-IDF; dashboard, test, PoF.
A21: Ngày 4 / 7 / 10 | B21: Core thật / quy trình đến Closed / đủ H-P-D-I và đóng tính năng.
A22: Ngày 12 / 13 / 14 | B22: Đủ hồ sơ / release đã kiểm tra / 2 lượt demo 10 phút và nộp.
A23: Ưu tiên | B23: Tất cả 42 gói là P0. RAG, mini-app, email, OCR, SLA tự động không nằm trong đường cơ sở.
A24: Định nghĩa Xong | B24: Merged + test mục tiêu đạt + chạy chung qua gateway + tài liệu/nguồn được cập nhật; chờ tích hợp chưa là Xong.
A25: Hồ sơ | B25: README, LICENSE, inventory, CHANGELOG, issues, release/tag; báo cáo 8–10 trang khuyến nghị; slide ≤12; video khuyến nghị.
A26: Giới hạn | B26: Đây là kế hoạch, không phải trạng thái repo hoặc kết quả đã kiểm thử. KPI AI là mục tiêu đề xuất, chưa có số đo.
A27: Theo dõi | B27: Nhập trạng thái và giờ thực tế ở Cong_viec. Mỗi gói 4 giờ chính; 1 giờ review và 1 giờ dự phòng nằm riêng trong năng lực tổng quan.

Sheet Lich_14_ngay
A1: LỊCH TÍCH HỢP 14 NGÀY
A2: Mỗi vai trò: 4 giờ công việc chính. Cả nhóm: 1 giờ review/tích hợp và 1 giờ dự phòng/người/ngày.
A4: Ngày | B4: Ngày lịch | C4: Mục tiêu | D4: Backend | E4: Frontend | F4: AI | G4: Nghiệm thu chung | H4: Mốc
A5: 1 | B5: =IF(Tong_quan!$B$5="","",Tong_quan!$B$5+A5-1) | C5: Chốt phạm vi và hợp đồng API | D5: Vẽ kiến trúc 3 tầng và ranh giới core/app; chốt 4 vai trò, 2 workspace, quy trình 6 trạng thái; phác OpenAPI và quyền từng endpoint. | E5: Chốt 6 màn hình và luồng requester/agent; tạo React + TypeScript, layout tiếng Việt; tạo issue board và khung README. | F5: Chốt nhóm NETWORK/ACCOUNT/SOFTWARE/HARDWARE/OTHER, luật ưu tiên theo mức ảnh hưởng; thiết kế metadata tài liệu và schema kết quả AI; kiểm kê thư viện dự kiến. | G5: Họp chốt phạm vi; lập repo public, LICENSE cho mã nhóm, issue và phân công. Chỉ dùng dữ liệu giả. | H5: Không mở thêm nghiệp vụ
A6: 2 | B6: =IF(Tong_quan!$B$5="","",Tong_quan!$B$5+A6-1) | C6: Dựng bộ khung chạy chung | D6: Dựng Compose cho PostgreSQL, Keycloak, backend Spring; tách module core/service-desk; migrations khởi tạo và healthcheck; thử tổ hợp Java/Spring/Flowable. | E6: Tạo route, form/table/timeline dùng chung, mock theo OpenAPI; đóng gói frontend vào Compose; dựng khung tài liệu cách chạy. | F6: Hỗ trợ BE cấu hình APISIX standalone và route /api; tạo FastAPI /health, Dockerfile AI; lưu dependency/source/license ban đầu. | G6: G1: mỗi người chạy skeleton trên máy mình; chốt danh sách phiên bản, máy demo và chi phí RAM thực tế. | H6: G1 — bộ khung
A7: 3 | B7: =IF(Tong_quan!$B$5="","",Tong_quan!$B$5+A7-1) | C7: Đăng nhập thật và cô lập workspace | D7: Xác minh JWT issuer/audience; GET /me, memberships và RBAC server-side; seed 4 vai trò ở 2 workspace; đóng cổng DB/backend không cần public. | E7: Nối Keycloak Authorization Code + PKCE; login/logout, lưu token theo adapter, refresh; route guard và gọi /me thật. | F7: Viết luật triage v0.1; chuẩn hóa tiếng Việt có/không dấu; soạn bộ 100 ticket theo nhóm tình huống, chia 60 phát triển/40 holdout và khóa split. | G7: Demo browser → Keycloak → gateway → /me. FE/AI kiểm tra ngược quyền thay cho người viết backend. | H7: Auth chạy thật
A8: 4 | B8: =IF(Tong_quan!$B$5="","",Tong_quan!$B$5+A8-1) | C8: Hoàn thành nền lõi tối thiểu | D8: Nhúng Flowable OSS; deploy BPMN thử; viết WorkflowService start/task/history dùng khóa quy trình + business key; chốt Core Data metadata contract. | E8: Làm form tạo, danh sách và chi tiết ticket theo contract; trạng thái loading/error/empty; trang workspace/tri thức khung. | F8: Hoàn thành POST /triage và /search bản đầu; TF-IDF + cosine lấy đoạn trích; chốt 20 tài liệu có id/version/source/license/checksum. | G8: G2: đăng nhập, API có quyền, gateway, dữ liệu và workflow thật cùng chạy. API lõi gọi được bằng collection khi UI tắt. | H8: G2 — Open-Core
A9: 5 | B9: =IF(Tong_quan!$B$5="","",Tong_quan!$B$5+A9-1) | C9: Tạo ticket gắn workflow thật | D9: Viết tạo/đọc/list ticket với workspace và phân trang; gọi WorkflowService trong transaction phù hợp; lưu process_instance_id/business_key; không sửa bảng engine. | E9: Thay mock bằng API thật cho tạo/list/detail; validate input; hiển thị mã, trạng thái, người tạo và thời gian. | F9: Tách index theo workspace; soạn manifest ingest từ Core Data; mở nguồn tài liệu bằng doc_id/version; viết test contract cho triage/search. | G9: Chạy một ticket Wi-Fi từ form đến process; kiểm tra business key và ranh giới core/app. | H9: Ticket + process
A10: 6 | B10: =IF(Tong_quan!$B$5="","",Tong_quan!$B$5+A10-1) | C10: Hàng chờ và thao tác xử lý | D10: Hoàn thiện BPMN Service Desk: triage → assign → start → resolve → confirm close; API task/claim/complete có quyền; ưu tiên engine là nguồn trạng thái. | E10: Làm inbox agent, chọn nhóm/người xử lý, nút nhận/bắt đầu/hoàn tất/xác nhận đóng; hiển thị action hợp lệ theo response. | F10: Hoàn thiện luật mức ảnh hưởng, unknown/needs_review, lý do và rule version; chỉnh trên 60 mẫu phát triển; chuẩn bị ca phủ định/thiếu thông tin. | G10: Review nhãn holdout và rubric; mọi người tự thử vai trò mình không phát triển. | H10: Process đầy đủ
A11: 7 | B11: =IF(Tong_quan!$B$5="","",Tong_quan!$B$5+A11-1) | C11: Khép kín workflow và lịch sử | D11: Hoàn thiện timeline/audit actor, time, from/to, comment, request_id; test hoàn tất trùng task và xác nhận đóng đúng requester; đồng bộ trạng thái với engine. | E11: Nối timeline, ghi chú, lọc cơ bản; sửa lỗi xuyên suốt; chạy phiên requester và agent tách nhau để demo. | F11: Bàn giao AI client spec: timeout, unavailable, citation schema; tạo script smoke API dùng chung; chuẩn bị payload cho UI panel. | G11: G3: cả nhóm chạy ticket đến Closed, xem task/history thật và kiểm tra chéo workspace. Nếu trượt, dừng việc bổ sung giao diện/AI nâng cao. | H11: G3 — quy trình
A12: 8 | B12: =IF(Tong_quan!$B$5="","",Tong_quan!$B$5+A12-1) | C12: Ghép tri thức, tệp và AI | D12: Hoàn thiện Core Knowledge/File API đọc metadata, upload/download riêng tư; giới hạn 5 MB và loại file; nối AI qua backend với timeout 3 giây và kiểm tra quyền citation. | E12: Hoàn thiện Knowledge Hub, upload/download và panel gợi ý nhóm/ưu tiên; hiển thị nguồn/đoạn trích, không có kết quả và lỗi AI. | F12: Nối ingest từ Core Data vào index; trả top-3 đoạn trích phù hợp; kiểm tra workspace trước truy xuất; test tài liệu hết quyền/đổi version và AI tắt. | G12: Demo Wi-Fi có gợi ý Network/High kèm lý do và nguồn; ngắt AI rồi tạo ticket và xử lý thủ công. | H12: H-P-D-I nối đủ
A13: 9 | B13: =IF(Tong_quan!$B$5="","",Tong_quan!$B$5+A13-1) | C13: Dashboard và đánh giá AI | D13: Thêm thống kê tổng/chờ/đang xử lý/đã đóng; lọc nhóm/trạng thái; lưu accepted/overridden có actor và giá trị trước/sau; viết test truy vấn quyền. | E13: Nối dashboard bằng dữ liệu thật; UI chấp nhận/sửa gợi ý; responsive cơ bản cho laptop; mô tả nhãn trạng thái tiếng Việt. | F13: Chạy đánh giá holdout lần đầu; đo phân loại, fallback, top-3 retrieval và latency; ghi confusion matrix, ví dụ sai, nguồn dữ liệu và giới hạn. | G13: Review luồng có AI, so số dashboard, ghi các lỗi bắt buộc sửa trước đóng tính năng. | H13: Ứng dụng đủ MVP
A14: 10 | B14: =IF(Tong_quan!$B$5="","",Tong_quan!$B$5+A14-1) | C14: Chốt phạm vi và chứng minh dùng lại core | D14: Dùng script chạy quy trình duyệt tài liệu đơn giản với process key khác; kiểm tra core không import domain ticket; sửa blocker cuối. | E14: Chạy checklist toàn bộ màn hình; thu ảnh minh chứng H-P-D-I; ghép báo cáo và slide bản đầu; bỏ mock khỏi đường demo. | F14: Hoàn thiện script seed/reset 80 ticket giả và 20 tài liệu qua API/transition; tạo snapshot/index version; kiểm tra dữ liệu seed phù hợp engine. | G14: G4: chạy toàn bộ flow có AI, dữ liệu, tệp, dashboard và headless. Feature freeze cuối ngày 10; từ đây chỉ sửa lỗi và hoàn thiện hồ sơ. | H14: G4 — đóng tính năng
A15: 11 | B15: =IF(Tong_quan!$B$5="","",Tong_quan!$B$5+A15-1) | C15: Kiểm thử liên thông và lỗi thực tế | D15: Sửa lỗi RBAC, cross-workspace, task race/double submit, file path và transaction; chạy test chức năng lõi và kiểm tra cổng exposed. | E15: Tự clone source trên máy/môi trường mới, chạy theo README mà không hỏi BE; kiểm tra lỗi form, refresh, permission, file, dashboard; ghi thời gian setup. | F15: Thử AI tắt/chậm, index trống, không có nguồn; đo trên máy demo; chạy lại snapshot đánh giá và demo không Internet sau khi preload. | G15: Nhóm phân loại lỗi: blocker / major / minor. Chỉ phát hành khi blocker = 0; major liên quan quyền, workflow, build = 0. | H15: Integration & test
A16: 12 | B16: =IF(Tong_quan!$B$5="","",Tong_quan!$B$5+A16-1) | C16: Hoàn thiện Proof of FOSS | D16: Rà phiên bản/giấy phép dependency BE, gateway, identity, engine, DB và image; chốt ADR, API, hướng dẫn cấu hình, CHANGELOG; review secret scan. | E16: Hoàn thành README, hướng dẫn tài khoản demo sinh lúc setup, troubleshooting, CONTRIBUTING và bug tracker; tổng hợp báo cáo 8–10 trang, slide tối đa 12. | F16: Chốt DATA_CARD, INTELLIGENCE_CARD, licenses của Python/data/model nếu có; xuất metrics và giới hạn; hỗ trợ quét secrets trong lịch sử git. | G16: G5: so từng mục hồ sơ với đề và rubric 50/50; kiểm tra repo public, commit thật, issue, lockfiles và source build. | H16: G5 — hồ sơ nguồn mở
... A18: 14 | B18: =IF(Tong_quan!$B$5="","",Tong_quan!$B$5+A18-1) | C18: Diễn tập và nộp bài | D18: Chuẩn bị phần giải thích core/SSO/workflow/tái sử dụng; kiểm lại repo/tag, API collection, cấu hình máy; trực xử lý sự cố demo. | E18: Điều phối hai lượt rehearsal liên tiếp 10 phút + 5 phút hỏi đáp; mở đúng màn hình, báo cáo, slide/video; kiểm danh sách nộp và nộp trước hạn thực. | F18: Trình bày lý do gợi ý, citation, ví dụ AI sai/fallback và kết quả đánh giá; kiểm dữ liệu reset, backup; chuẩn bị trả lời giới hạn. | G18: G7: repo public + release/tag + README/LICENSE/inventory/CHANGELOG/issues + báo cáo + slide. Video khuyến nghị; lưu xác nhận nộp. | H18: G7 — nộp bài

Sheet Cong_viec
A1: 42 GÓI CÔNG VIỆC — BACKLOG THEO NGÀY
A2: Chỉ đánh dấu Xong khi đã tích hợp/test và có bằng chứng. Phụ thuộc cùng ngày cần ghép trong giờ tích hợp.
A4: ID | B4: Ngày | C4: Vai trò | D4: Ưu tiên | E4: Việc phải làm | F4: Bàn giao | G4: Điều kiện Xong | H4: Phụ thuộc | I4: Giờ chính | J4: Trạng thái | K4: Giờ thực tế | L4: Blocker / link bằng chứng
A5: BE-01 | B5: 1 | C5: Backend | D5: P0 | E5: Vẽ kiến trúc 3 tầng và ranh giới core/app; chốt 4 vai trò, 2 workspace, quy trình 6 trạng thái; phác OpenAPI và quyền từng endpoint. | F5: ADR-001, sơ đồ kiến trúc, OpenAPI nháp, ma trận quyền. | G5: Cả nhóm thống nhất request/response, trạng thái, chủ sở hữu dữ liệu; core không phụ thuộc ticket. | H5: Đề chính thức + bản ý tưởng | I5: 4 | J5: Chưa làm
A6: FE-01 | B6: 1 | C6: Frontend | D6: P0 | E6: Chốt 6 màn hình và luồng requester/agent; tạo React + TypeScript, layout tiếng Việt; tạo issue board và khung README. | F6: Wireframe 6 màn hình, frontend chạy, backlog chung. | G6: Luồng tạo → xử lý → đóng ticket có đủ màn hình; phân biệt quyền trên UI. | H6: Phối hợp BE-01 | I6: 4 | J6: Chưa làm
A7: AI-01 | B7: 1 | C7: AI | D7: P0 | E7: Chốt nhóm NETWORK/ACCOUNT/SOFTWARE/HARDWARE/OTHER, luật ưu tiên theo mức ảnh hưởng; thiết kế metadata tài liệu và schema kết quả AI; kiểm kê thư viện dự kiến. | F7: AI contract, taxonomy, 12 ticket ví dụ, 5 tài liệu tự soạn, inventory nháp. | G7: Có ca rõ ràng, mơ hồ, ngoài phạm vi; nguồn/quyền sử dụng được ghi. | H7: Phối hợp BE-01 | I7: 4 | J7: Chưa làm
A8: BE-02 | B8: 2 | C8: Backend | D8: P0 | E8: Dựng Compose cho PostgreSQL, Keycloak, backend Spring; tách module core/service-desk; migrations khởi tạo và healthcheck; thử tổ hợp Java/Spring/Flowable. | F8: Compose, Dockerfile BE, cấu hình realm mẫu, skeleton API. | G8: Các container khởi động; schema và module có ranh giới; pin phiên bản đã smoke test. | H8: BE-01 | I8: 4 | J8: Chưa làm
A9: FE-02 | B9: 2 | C9: Frontend | D9: P0 | E9: Tạo route, form/table/timeline dùng chung, mock theo OpenAPI; đóng gói frontend vào Compose; dựng khung tài liệu cách chạy. | F9: Frontend container, API client có base URL qua gateway, mock fixtures. | G9: Một lệnh chạy được trang; mock tách rõ môi trường dev. | H9: FE-01 + OpenAPI ngày 1 | I9: 4 | J9: Chưa làm
A10: AI-02 | B10: 2 | C10: AI | D10: P0 | E10: Hỗ trợ BE cấu hình APISIX standalone và route /api; tạo FastAPI /health, Dockerfile AI; lưu dependency/source/license ban đầu. | F10: Gateway route và AI container; healthcheck; lockfile Python. | G10: Gọi health qua gateway được; AI chỉ ở mạng nội bộ; không commit secret. | H10: AI-01 + skeleton BE-02 | I10: 4 | J10: Chưa làm
A11: BE-03 | B11: 3 | C11: Backend | D11: P0 | E11: Xác minh JWT issuer/audience; GET /me, memberships và RBAC server-side; seed 4 vai trò ở 2 workspace; đóng cổng DB/backend không cần public. | F11: Identity adapter, membership API, test quyền ban đầu. | G11: Token hợp lệ vào được; thiếu token 401; truy cập workspace khác bị từ chối. | H11: BE-02 + AI-02 | I11: 4 | J11: Chưa làm
A12: FE-03 | B12: 3 | C12: Frontend | D12: P0 | E12: Nối Keycloak Authorization Code + PKCE; login/logout, lưu token theo adapter, refresh; route guard và gọi /me thật. | F12: Luồng đăng nhập thật qua Keycloak và API gateway. | G12: Đăng nhập 2 vai trò thấy đúng menu; refresh trang/token hết hạn có xử lý. | H12: FE-02 + BE-03 | I12: 4 | J12: Chưa làm
A13: AI-03 | B13: 3 | C13: AI | D13: P0 | E13: Viết luật triage v0.1; chuẩn hóa tiếng Việt có/không dấu; soạn bộ 100 ticket theo nhóm tình huống, chia 60 phát triển/40 holdout và khóa split. | F13: Rules có version, dataset + nhãn, split manifest. | G13: Không chia biến thể cùng mẫu vào hai tập; FE/BE duyệt nhãn trong giờ tích hợp. | H13: AI-01 | I13: 4 | J13: Chưa làm
A14: BE-04 | B14: 4 | C14: Backend | D14: P0 | E14: Nhúng Flowable OSS; deploy BPMN thử; viết WorkflowService start/task/history dùng khóa quy trình + business key; chốt Core Data metadata contract. | F14: Workflow adapter + API bảo vệ; process thử; OpenAPI v0.1. | G14: Qua gateway tạo process, đọc task và history; metadata/schema dùng được khi không mở UI. | H14: BE-03 | I14: 4 | J14: Chưa làm
A15: FE-04 | B15: 4 | C15: Frontend | D15: P0 | E15: Làm form tạo, danh sách và chi tiết ticket theo contract; trạng thái loading/error/empty; trang workspace/tri thức khung. | F15: Ba màn hình nghiệp vụ với mock có kiểm soát. | G15: Payload và lỗi khớp OpenAPI; không gọi DB/engine trực tiếp. | H15: FE-03 + OpenAPI v0.1 | I15: 4 | J15: Chưa làm
A16: AI-04 | B16: 4 | C16: AI | D16: P0 | E16: Hoàn thành POST /triage và /search bản đầu; TF-IDF + cosine lấy đoạn trích; chốt 20 tài liệu có id/version/source/license/checksum. | F16: AI service v0.1, index cục bộ, bộ tri thức có metadata. | G16: Kết quả trả reasons/rule_version và doc_id/chunk_id/version; không có bằng chứng trả rỗng. | H16: AI-03 | I16: 4 | J16: Chưa làm
... A46: AI-14 | B46: 14 | C46: AI | D46: P0 | E46: Trình bày lý do gợi ý, citation, ví dụ AI sai/fallback và kết quả đánh giá; kiểm dữ liệu reset, backup; chuẩn bị trả lời giới hạn. | F46: Demo Intelligence và phần trả lời có số đo thật. | G46: Không phóng đại độ chính xác/khả năng scale; giải thích được rule, dữ liệu, giấy phép. | H46: AI-13 | I46: 4 | J46: Chưa làm

Sheet Moc_nghiem_thu
A1: 7 CỔNG NGHIỆM THU
A2: Dừng mở phạm vi nếu mốc trước chưa đạt.
A4: Mốc | B4: Ngày | C4: Mục tiêu | D4: Bằng chứng đạt | E4: Chủ trì | F4: Nếu chưa đạt | G4: Liên hệ đề | H4: Kết quả
A5: G1 | B5: 2 | C5: Khung chạy chung | D5: Compose health, skeleton API/UI/AI, bộ phiên bản, OpenAPI/ADR. | E5: Cả 3 | F5: Dừng chọn công nghệ; cắt màn hình phụ, chốt tổ hợp chạy được. | G5: Core, PoF | H5: Chưa kiểm tra
A6: G2 | B6: 4 | C6: Open-Core foundation | D6: SSO + 401/403 + route gateway + metadata/data + process/task/history thật; không cần UI để gọi. | E6: BE chủ trì; FE/AI kiểm tra | F6: Dồn giờ dự phòng để sửa auth/engine; frontend tiếp tục mock contract; không dựng thêm service. | G6: Đề 3, 4.1 | H6: Chưa kiểm tra
A7: G3 | B7: 7 | C7: Quy trình chạy đầu-cuối | D7: Ticket đi đến Closed, có actor/time/history, đúng người nhận và quyền workspace. | E7: BE + FE | F7: Dừng UI đẹp/AI nâng cao; giữ workflow và role; chỉ một quy trình chính. | G7: Đề 4.2 P, 4.3 | H7: Chưa kiểm tra
A8: G4 | B8: 10 | C8: MVP có H-P-D-I | D8: App + triage + trích dẫn + file + dashboard + headless + dữ liệu seed; đóng tính năng. | E8: Cả 3 | F8: Bỏ mini-app, RAG, notification, SLA tự động; dashboard chỉ giữ số cốt lõi. | G8: Đề 4, 7–9 | H8: Chưa kiểm tra
A9: G5 | B9: 12 | C9: Nguồn mở/hồ sơ | D9: License/version/provenance; README/build; CHANGELOG/issues; scan secrets; report/slide nháp đầy đủ. | E9: FE tổng hợp; mỗi người ký phần mình | F9: Giải quyết mục thiếu trước release; không nhận feature mới. | G9: Đề 5, 10–12 | H9: Chưa kiểm tra
A10: G6 | B10: 13 | C10: Release đã kiểm tra | D10: Checkout tag, source build, smoke + demo offline runtime, known limitations. | E10: BE; FE dựng độc lập; AI xác minh dữ liệu | F10: Sửa blocker, phát hành tag mới; giữ bản backup đã đạt. | G10: PoF release/build | H10: Chưa kiểm tra
A11: G7 | B11: 14 | C11: Sẵn sàng nộp | D11: Hai lượt demo 10 phút đạt; tài liệu/link truy cập; nộp trước hạn thực. | E11: FE điều phối cả nhóm | F11: Dùng bản release ổn định và video dự phòng; nêu sự cố trung thực. | G11: Đề 9–10 | H11: Chưa kiểm tra

Sheet Doi_chieu_de
A1: MA TRẬN ĐỐI CHIẾU ĐỀ THI
A2: Số giờ, dữ liệu mẫu và KPI trong kế hoạch là đề xuất; yêu cầu đề được ghi riêng ở cột căn cứ.
A4: Yêu cầu | B4: Chủ trì | C4: Ngày | D4: Bằng chứng | E4: Nghiệm thu | F4: Căn cứ
A5: Kiến trúc 3 tầng | B5: BE | C5: 2, 4, 10 | D5: ADR + sơ đồ + module boundary + API collection | E5: Tầng 1 có vai trò thật; giao diện ở tầng 2/3. | F5: Đề 3–4.1
A6: Identity / SSO / RBAC | B6: BE + FE | C6: 3–4, 11 | D6: Realm config + /me + test 401/403/workspace | E6: Đăng nhập thật và kiểm quyền tại server. | F6: Đề 4.1, 7
A7: API gateway / lớp API | B7: AI hỗ trợ, BE chịu trách nhiệm | C7: 2–4 | D7: Route config + network trace + request_id | E7: API nghiệp vụ qua gateway; backend không mở public riêng. | F7: Đề 4.1
A8: Dữ liệu dùng chung | B8: BE | C8: 4, 8 | D8: Core Knowledge/File API + metadata + quyền | E8: Không chỉ có bảng ticket; provenance/tệp/tri thức qua core. | F8: Đề 4.1–4.2
A9: Workflow Engine | B9: BE | C9: 4–7 | D9: BPMN + instance/task/history + tests | E9: Engine giữ task/state; app không tự đổi status bỏ qua engine. | F9: Đề 4.1–4.2
A10: H — Human | B10: FE + BE | C10: 3, 8 | D10: Roles/workspace + Knowledge Hub | E10: Người dùng thấy đúng phạm vi và tài liệu nội bộ. | F10: Đề 4.2
A11: P — Process | B11: BE + FE | C11: 5–7 | D11: Ticket lifecycle + inbox + history | E11: Có người tạo/xử lý/thời gian/hàng chờ. | F11: Đề 4.2
A12: D — Data | B12: BE + FE + AI | C12: 8–9 | D12: Search/filter/stats/API + data manifest | E12: Dashboard dữ liệu thật; metadata/source/license. | F12: Đề 4.2, 8
A13: I — Intelligence | B13: AI | C13: 4, 8–9, 12 | D13: Rules/TF-IDF + lý do/citation + metrics/card | E13: Ít nhất một chức năng thông minh; nêu version/input/giới hạn. | F13: Đề 4.2, 7
A14: Ứng dụng minh họa | B14: FE + BE | C14: 5–10 | D14: Service Desk và Wi-Fi use case | E14: Một luồng hoàn chỉnh cho đơn vị đào tạo. | F14: Đề 4.3
A15: Repo public / lịch sử commit | B15: Cả 3 | C15: 1–14 | D15: URL public + commit thực + issue/PR | E15: Truy cập được lúc nộp/chấm. | F15: PoF 5 điểm
... A22: Demo và hồ sơ nộp | B22: Cả 3 | C22: 10, 12–14 | D22: Báo cáo, ≤12 slides, demo 10+5 | E22: Báo cáo 8–10 trang và video 3–5 phút là khuyến nghị. | F22: Đề 9–10

Sheet Kiem_thu
A1: KIỂM THỬ CÓ Ý NGHĨA
A2: Các test này phục vụ yêu cầu đề và rủi ro thực tế. Không cần phủ test hình thức cho mọi dòng code.
A4: ID | B4: Người kiểm | C4: Nhóm | D4: Tình huống | E4: Kết quả mong đợi | F4: Ngày | G4: Kết quả / issue
A5: T01 | B5: BE | C5: Auth | D5: Không có token; token sai/hết hạn/issuer/audience sai. | E5: 401; không trả nội dung nghiệp vụ. | F5: 3–4, 11 | G5: Chưa chạy
A6: T02 | B6: BE + FE | C6: RBAC | D6: Requester gọi API assign/admin; agent xử lý ticket ngoài workspace. | E6: 403/404 nhất quán; không có side effect. | F6: 3, 7, 11 | G6: Chưa chạy
A7: T03 | B7: BE | C7: Workflow | D7: Tạo → triage → assign → start → resolve → close. | E7: Task/history thật, actor/time và trạng thái đúng. | F7: 5–7, 11 | G7: Chưa chạy
A8: T04 | B8: BE | C8: Tính nhất quán | D8: Tạo process lỗi; complete task hai lần; hai agent claim đồng thời. | E8: Không ticket mồ côi; một transition/assignee thành công. | F8: 5, 7, 11 | G8: Chưa chạy
A9: T05 | B9: BE + FE | C9: File/metadata | D9: Upload quá 5 MB, đuôi sai, tên có đường dẫn; tải file workspace khác. | E9: Từ chối an toàn; file hợp lệ giữ metadata/provenance. | F9: 8, 11 | G9: Chưa chạy
A10: T06 | B10: AI + BE | C10: Phân quyền tìm kiếm | D10: Truy vấn có tài liệu gần giống nằm ở workspace khác. | E10: Không lộ snippet, tên, id hoặc citation ngoài quyền. | F10: 5, 8, 11 | G10: Chưa chạy
A11: T07 | B11: AI | C11: Rule-based | D11: Rõ ràng, phủ định, ít thông tin, nhiều nhóm, không dấu. | E11: Có reasons/version; mơ hồ → needs_review; không tự quyết thay người. | F11: 3–6, 9 | G11: Chưa chạy
A12: T08 | B12: AI + FE | C12: Citation | D12: Nguồn hợp lệ/đã xóa/đổi version; query không có tài liệu. | E12: Mở đúng phiên bản; kết quả thiếu bằng chứng trả rỗng hoặc stale rõ ràng. | F12: 8–9, 11 | G12: Chưa chạy
A13: T09 | B13: AI + BE + FE | C13: AI fallback | D13: Tắt AI hoặc làm chậm hơn timeout 3 giây. | E13: Tạo và xử lý ticket vẫn chạy; UI báo chưa có gợi ý và cho làm thủ công. | F13: 8, 11 | G13: Chưa chạy
A14: T10 | B14: FE + BE | C14: Dashboard | D14: So counter theo workspace/status với danh sách ticket thật. | E14: Số đếm và filter đúng; không hard-code. | F14: 9, 11 | G14: Chưa chạy
A15: T11 | B15: FE chủ trì | C15: Reproducibility | D15: Clone tag ở môi trường sạch; build source theo README. | E15: Chạy được stack và seed; lưu OS/RAM/phiên bản/lệnh/thời gian. | F15: 11, 13 | G15: Chưa chạy
... A18: T14 | B18: BE + AI | C18: Headless / tái sử dụng | D18: Tắt frontend, gọi API core; chạy workflow duyệt tài liệu thứ hai. | E18: Core chạy không cần UI; process key mới không cần sửa domain ticket vào core. | F18: 4, 10 | G18: Chưa chạy

Sheet Rui_ro
A1: RỦI RO VÀ PHƯƠNG ÁN GIẢM PHẠM VI
A2: Giữ các thành phần bắt buộc: identity, gateway/API trung gian, data, workflow, H-P-D-I, một app và hồ sơ nguồn mở.
A4: Rủi ro | B4: Dấu hiệu | C4: Cách xử lý | D4: Giới hạn cần giữ
A5: Backend quá tải | B5: BE chưa đạt G2/G3 | C5: AI nhận Compose/gateway smoke/seed/eval; FE nhận docs/clean-build/UI tests; dùng module chung một backend. | D5: Bỏ tính năng phụ, không bỏ core/role/workflow.
A6: Xung đột Java/Spring/Flowable | B6: Skeleton không start/deploy BPMN ngày 2 | C6: Timebox spike và pin tổ hợp đã thử; dùng OSS engine embedded. | D6: Chốt tổ hợp ổn trước UI nghiệp vụ; không đổi runtime sau ngày 4.
A7: SSO/gateway mắc lâu | B7: Login được nhưng /me 401 hoặc issuer sai | C7: Kiểm public/internal hostname, issuer, audience, redirect/CORS bằng một trace. | D7: Giữ gateway routing + kiểm JWT ở backend; không bỏ kiểm quyền server.
A8: AI kém hoặc thiếu máy GPU | B8: Luật nhầm nhiều, model quá chậm | C8: MVP luật + TF-IDF offline; score là độ phù hợp, không phải xác suất đúng. | D8: Unknown/needs_review, tìm từ khóa có nguồn và xử lý thủ công; không giả kết quả.
A9: Tích hợp muộn | B9: Đến ngày 5 vẫn chỉ dùng mock | C9: Mỗi ngày 1 giờ review/demo chung; contract chốt ngày 1–2; merge nhỏ. | D9: Dừng cải tiến cục bộ, ghép một luồng thực trước.
A10: Không tái lập/offline | B10: Máy khác không chạy; cần download lúc demo | C10: Clean build ngày 11, exact tag ngày 13; tải trước images/packages/dữ liệu. | D10: Máy demo đã kiểm tra + máy dự phòng + video; nêu đúng giới hạn.
A11: Không đủ thời gian thực tế | B11: Chỉ 2–3 giờ/người/ngày hoặc deadline sớm hơn | C11: Xác nhận deadline BTC ngay ngày 1; 14 ngày ở đây là lịch tương đối. | D11: Giữ P0, giảm polish và nâng cấp; không tự kéo dài hạn thi.

Sheet Nguon
A1: CĂN CỨ KẾ HOẠCH
A2: Ngày lập 06/10/2026. Tài liệu công nghệ là căn cứ thiết kế; pin phiên bản cụ thể sau thử tương thích ngày 2.
A4: Nguồn | B4: File / URL | C4: Vai trò
A5: Đề thi chính thức do người dùng cung cấp | B5: De_thi_PMNM_HaUI_2026_BAN_CHINH_THUC(1).pdf — mục 3–5, 7–14. | C5: Yêu cầu bắt buộc, rubric, hồ sơ và lịch 14 ngày.
A6: Bản ý tưởng do người dùng cung cấp | B6: de-xuat-dx-lab-haui-smart-service-desk(1).pdf — mục 3–9, 11–13. | C6: Smart Service Desk, boundary core/app, workflow, luật + tìm tri thức.
A7: APISIX documentation | B7: https://apisix.apache.org/docs/apisix/installation-guide/ | C7: Standalone file-driven dùng cấu hình file, có thể bỏ etcd trong phạm vi demo.
A8: Flowable documentation | B8: https://www.flowable.com/open-source/docs/bpmn/ch05a-Spring-Boot | C8: Tích hợp OSS engine vào Spring Boot; kiểm tương thích phiên bản ở ngày 2.
A9: Keycloak documentation | B9: https://www.keycloak.org/securing-apps/javascript-adapter | C9: OIDC adapter, public client, token refresh, PKCE.
A10: scikit-learn documentation | B10: https://scikit-learn.org/stable/modules/generated/sklearn.feature_extraction.text.TfidfVectorizer.html | C10: Công cụ TF-IDF cho baseline retrieval. Không phải semantic search/LLM.
